Country Name,Year,Life Expectancy
Albania,1960,54.439
Andorra,1960,
Austria,1960,68.5856097560976
Belgium,1960,69.7019512195122
Bulgaria,1960,69.2475609756098
Bosnia and Herzegovina,1960,61.037
Belarus,1960,69.2546097560976
Switzerland,1960,71.3134146341463
Czechia,1960,70.3487804878049
Germany,1960,69.0640731707317
Denmark,1960,72.1765853658537
Spain,1960,69.1092682926829
Estonia,1960,68.933512195122
Finland,1960,68.819756097561
France,1960,69.8682926829268
United Kingdom,1960,71.1268292682927
Greece,1960,69.3
Croatia,1960,65.4823658536585
Hungary,1960,68.0031707317073
Ireland,1960,70.1942682926829
Iceland,1960,73.7620487804878
Israel,1960,
Italy,1960,69.1239024390244
Lithuania,1960,69.8473170731707
Luxembourg,1960,68.5925365853659
Latvia,1960,69.7868292682927
Moldova,1960,61.074
North Macedonia,1960,56.2230487804878
Montenegro,1960,64.8736097560976
Netherlands,1960,73.3926829268293
Norway,1960,73.549756097561
Poland,1960,67.6804878048781
Portugal,1960,64.0074634146342
Romania,1960,65.8605365853659
Slovenia,1960,68.9780487804878
Sweden,1960,73.0056097560976
Ukraine,1960,69.4850487804878
Albania,1961,55.634
Andorra,1961,
Austria,1961,69.5773170731707
Belgium,1961,70.5209756097561
Bulgaria,1961,70.1956097560976
Bosnia and Herzegovina,1961,61.856
Belarus,1961,69.7383902439024
Switzerland,1961,71.6448780487805
Czechia,1961,70.5126829268293
Germany,1961,69.6448780487805
Denmark,1961,72.4382926829268
Spain,1961,69.4804878048781
Estonia,1961,68.9621219512195
Finland,1961,68.8441463414634
France,1961,70.1170731707317
United Kingdom,1961,70.8780487804878
Greece,1961,70.3158536585366
Croatia,1961,66.1803414634146
Hungary,1961,68.9360975609756
Ireland,1961,69.6782926829268
Iceland,1961,73.5034146341464
Israel,1961,72.0065853658537
Italy,1961,69.760243902439
Lithuania,1961,70.1026829268293
Luxembourg,1961,69.2668292682927
Latvia,1961,70.0324390243903
Moldova,1961,61.446
North Macedonia,1961,57.7998292682927
Montenegro,1961,65.4191219512195
Netherlands,1961,73.6526829268293
Norway,1961,73.5504878048781
Poland,1961,67.7780487804878
Portugal,1961,62.666512195122
Romania,1961,65.8771463414634
Slovenia,1961,68.9780487804878
Sweden,1961,73.4743902439024
Ukraine,1961,69.5723658536586
Albania,1962,56.671
Andorra,1962,
Austria,1962,69.309512195122
Belgium,1962,70.219512195122
Bulgaria,1962,69.4919512195122
Bosnia and Herzegovina,1962,62.511
Belarus,1962,69.4623170731708
Switzerland,1962,71.1960975609756
Czechia,1962,69.7868292682927
Germany,1962,69.7992195121951
Denmark,1962,72.319756097561
Spain,1962,69.5190243902439
Estonia,1962,68.7918048780488
Finland,1962,68.5778048780488
France,1962,70.3146341463415
United Kingdom,1962,70.9268292682927
Greece,1962,70.2549756097561
Croatia,1962,66.4691463414634
Hungary,1962,67.8658536585366
Ireland,1962,69.9910487804878
Iceland,1962,73.7219512195122
Israel,1962,72.1121951219512
Italy,1962,69.149756097561
Lithuania,1962,69.0953658536585
Luxembourg,1962,68.1051707317073
Latvia,1962,69.430487804878
Moldova,1962,61.922
North Macedonia,1962,57.5233414634146
Montenegro,1962,65.8979756097561
Netherlands,1962,73.3239024390244
Norway,1962,73.4480487804878
Poland,1962,67.4268292682927
Portugal,1962,64.1810243902439
Romania,1962,65.2556585365854
Slovenia,1962,68.9780487804878
Sweden,1962,73.3504878048781
Ukraine,1962,69.3345853658537
Albania,1963,57.844
Andorra,1963,
Austria,1963,69.4436585365854
Belgium,1963,70.0514634146342
Bulgaria,1963,70.3092682926829
Bosnia and Herzegovina,1963,63.274
Belarus,1963,69.7097804878049
Switzerland,1963,71.1875609756098
Czechia,1963,70.3043902439025
Germany,1963,69.9140731707317
Denmark,1963,72.4004878048781
Spain,1963,69.6812195121951
Estonia,1963,69.2101219512195
Finland,1963,69.0126829268293
France,1963,70.5146341463415
United Kingdom,1963,70.8268292682927
Greece,1963,70.6105365853659
Croatia,1963,66.8558048780488
Hungary,1963,68.8741463414634
Ireland,1963,70.2300975609756
Iceland,1963,73.0429268292683
Israel,1963,
Italy,1963,69.2480487804878
Lithuania,1963,70.2043902439024
Luxembourg,1963,68.7219268292683
Latvia,1963,69.8290243902439
Moldova,1963,62.355
North Macedonia,1963,56.6993414634146
Montenegro,1963,66.8162195121951
Netherlands,1963,73.3370731707317
Norway,1963,73.0775609756098
Poland,1963,68.3756097560976
Portugal,1963,64.7883902439024
Romania,1963,67.0717073170732
Slovenia,1963,68.6219512195122
Sweden,1963,73.5553658536585
Ukraine,1963,69.7874878048781
Albania,1964,58.983
Andorra,1964,
Austria,1964,69.9219512195122
Belgium,1964,70.7551219512195
Bulgaria,1964,71.1212195121951
Bosnia and Herzegovina,1964,63.948
Belarus,1964,70.619243902439
Switzerland,1964,72.0778048780488
Czechia,1964,70.459512195122
Germany,1964,70.4355609756098
Denmark,1964,72.4851219512195
Spain,1964,70.399756097561
Estonia,1964,70.0573170731707
Finland,1964,69.2209756097561
France,1964,70.6634146341463
United Kingdom,1964,71.6243902439024
Greece,1964,70.5693902439025
Croatia,1964,67.2923170731707
Hungary,1964,69.3809756097561
Ireland,1964,70.4899268292683
Iceland,1964,73.5417073170732
Israel,1964,
Italy,1964,70.3117073170732
Lithuania,1964,71.5090243902439
Luxembourg,1964,69.3916829268293
Latvia,1964,71.0280487804878
Moldova,1964,62.81
North Macedonia,1964,58.9859268292683
Montenegro,1964,67.1505365853659
Netherlands,1964,73.7041463414634
Norway,1964,73.5958536585366
Poland,1964,68.6292682926829
Portugal,1964,64.9833902439024
Romania,1964,67.8451219512195
Slovenia,1964,68.6634146341463
Sweden,1964,73.7331707317073
Ukraine,1964,70.205512195122
Albania,1965,60.019
Andorra,1965,
Austria,1965,69.7221951219512
Belgium,1965,70.6253658536586
Bulgaria,1965,71.2939024390244
Bosnia and Herzegovina,1965,64.555
Belarus,1965,70.5974878048781
Switzerland,1965,72.2017073170732
Czechia,1965,70.1631707317073
Germany,1965,70.4103658536585
Denmark,1965,72.3707317073171
Spain,1965,70.8092682926829
Estonia,1965,69.6807317073171
Finland,1965,68.9778048780488
France,1965,70.8121951219512
United Kingdom,1965,71.6243902439024
Greece,1965,71.4283170731707
Croatia,1965,67.8325609756098
Hungary,1965,69.0712195121951
Ireland,1965,70.695
Iceland,1965,73.8687804878049
Israel,1965,
Italy,1965,70.1717073170732
Lithuania,1965,71.3251219512195
Luxembourg,1965,69.0254146341464
Latvia,1965,70.7265853658537
Moldova,1965,63.152
North Macedonia,1965,60.0019268292683
Montenegro,1965,67.9873658536585
Netherlands,1965,73.5687804878049
Norway,1965,73.7231707317073
Poland,1965,69.4292682926829
Portugal,1965,65.9604634146341
Romania,1965,67.7072682926829
Slovenia,1965,68.3658536585366
Sweden,1965,73.8617073170732
Ukraine,1965,69.8683902439025
Albania,1966,60.998
Andorra,1966,
Austria,1966,70.0458536585366
Belgium,1966,70.7063414634146
Bulgaria,1966,71.2234146341464
Bosnia and Herzegovina,1966,65.171
Belarus,1966,70.7689268292683
Switzerland,1966,72.3356097560976
Czechia,1966,70.3848780487805
Germany,1966,70.5215853658537
Denmark,1966,72.4441463414634
Spain,1966,71.0551219512195
Estonia,1966,69.627756097561
Finland,1966,69.4770731707317
France,1966,70.9609756097561
United Kingdom,1966,71.5731707317073
Greece,1966,71.7527073170732
Croatia,1966,68.1214390243903
Hungary,1966,69.8224390243902
Ireland,1966,70.2169512195122
Iceland,1966,73.3004878048781
Israel,1966,72.2856097560976
Italy,1966,70.9260975609756
Lithuania,1966,71.520243902439
Luxembourg,1966,69.1756341463415
Latvia,1966,70.7073170731707
Moldova,1966,63.392
North Macedonia,1966,61.9598536585366
Montenegro,1966,68.8546829268293
Netherlands,1966,73.5129268292683
Norway,1966,73.9953658536585
Poland,1966,69.8268292682927
Portugal,1966,65.4876585365854
Romania,1966,68.8976585365854
Slovenia,1966,69.0121951219512
Sweden,1966,74.0785365853659
Ukraine,1966,69.7309512195122
Albania,1967,61.972
Andorra,1967,
Austria,1967,69.9178048780488
Belgium,1967,71.0129268292683
Bulgaria,1967,70.4139024390244
Bosnia and Herzegovina,1967,65.553
Belarus,1967,70.9297804878049
Switzerland,1967,72.6365853658537
Czechia,1967,70.2641463414634
Germany,1967,70.7317317073171
Denmark,1967,72.9221951219512
Spain,1967,71.2529268292683
Estonia,1967,69.9401463414634
Finland,1967,69.6665853658537
France,1967,71.1609756097561
United Kingdom,1967,72.1243902439024
Greece,1967,71.2987804878049
Croatia,1967,68.2989512195122
Hungary,1967,69.4070731707317
Ireland,1967,71.2453658536585
Iceland,1967,73.7831707317073
Israel,1967,71.509756097561
Italy,1967,70.9565853658537
Lithuania,1967,71.6039024390244
Luxembourg,1967,69.2340243902439
Latvia,1967,70.3939024390244
Moldova,1967,63.606
North Macedonia,1967,62.1278536585366
Montenegro,1967,68.8679756097561
Netherlands,1967,73.8041463414634
Norway,1967,74.0665853658537
Poland,1967,69.4243902439024
Portugal,1967,66.3340731707317
Romania,1967,67.5159512195122
Slovenia,1967,69.3658536585366
Sweden,1967,74.1224390243903
Ukraine,1967,69.5615365853659
Albania,1968,62.946
Andorra,1968,
Austria,1968,70.0575609756098
Belgium,1968,70.6931707317073
Bulgaria,1968,71.2251219512195
Bosnia and Herzegovina,1968,65.883
Belarus,1968,70.8127804878049
Switzerland,1968,72.590243902439
Czechia,1968,69.8407317073171
Germany,1968,70.3784634146342
Denmark,1968,73.1214634146341
Spain,1968,71.5378048780488
Estonia,1968,69.7512195121951
Finland,1968,69.6163414634146
France,1968,71.309756097561
United Kingdom,1968,71.7243902439025
Greece,1968,71.4301951219512
Croatia,1968,68.3864146341464
Hungary,1968,69.230243902439
Ireland,1968,70.941
Iceland,1968,74.0058536585366
Israel,1968,71.0565853658537
Italy,1968,70.78
Lithuania,1968,71.3136585365854
Luxembourg,1968,69.6624390243903
Latvia,1968,70.0429268292683
Moldova,1968,63.745
North Macedonia,1968,62.8637804878049
Montenegro,1968,69.2376829268293
Netherlands,1968,73.6126829268293
Norway,1968,73.9419512195122
Poland,1968,70.219512195122
Portugal,1968,66.6781951219512
Romania,1968,67.5603658536585
Slovenia,1968,68.9170731707317
Sweden,1968,73.9729268292683
Ukraine,1968,69.5547804878049
Albania,1969,63.923
Andorra,1969,
Austria,1969,69.8331707317073
Belgium,1969,70.7648780487805
Bulgaria,1969,70.43
Bosnia and Herzegovina,1969,66.2
Belarus,1969,70.9780243902439
Switzerland,1969,72.6126829268293
Czechia,1969,69.3670731707317
Germany,1969,70.2288048780488
Denmark,1969,73.2209756097561
Spain,1969,71.0575609756098
Estonia,1969,69.2659024390244
Finland,1969,69.5034146341464
France,1969,71.4585365853659
United Kingdom,1969,71.7219512195122
Greece,1969,72.0043414634146
Croatia,1969,68.6602926829268
Hungary,1969,69.3146341463415
Ireland,1969,70.8528292682927
Iceland,1969,73.7763414634147
Israel,1969,70.9704878048781
Italy,1969,70.8119512195122
Lithuania,1969,70.9285365853659
Luxembourg,1969,69.4807073170732
Latvia,1969,69.7968292682927
Moldova,1969,63.873
North Macedonia,1969,63.0265609756098
Montenegro,1969,69.0066097560976
Netherlands,1969,73.539512195122
Norway,1969,73.6634146341463
Poland,1969,69.719512195122
Portugal,1969,66.2781707317073
Romania,1969,66.6920731707317
Slovenia,1969,68.3609756097561
Sweden,1969,74.0848780487805
Ukraine,1969,68.9756097560976
Albania,1970,64.824
Andorra,1970,
Austria,1970,69.9146341463415
Belgium,1970,70.9719512195122
Bulgaria,1970,71.2563414634146
Bosnia and Herzegovina,1970,66.688
Belarus,1970,70.7444878048781
Switzerland,1970,73.020243902439
Czechia,1970,69.440243902439
Germany,1970,70.4471951219512
Denmark,1970,73.3434146341463
Spain,1970,72.0273170731707
Estonia,1970,69.4100975609756
Finland,1970,70.179512195122
France,1970,71.6585365853659
United Kingdom,1970,71.9731707317073
Greece,1970,72.7708048780488
Croatia,1970,68.8126341463415
Hungary,1970,69.1646341463415
Ireland,1970,70.9015609756098
Iceland,1970,73.9339024390244
Israel,1970,71.2134146341463
Italy,1970,71.5587804878049
Lithuania,1970,70.8043902439024
Luxembourg,1970,69.5932195121951
Latvia,1970,69.8353658536586
Moldova,1970,63.885
North Macedonia,1970,63.7193902439024
Montenegro,1970,69.0921951219512
Netherlands,1970,73.5856097560976
Norway,1970,74.0880487804878
Poland,1970,69.8682926829268
Portugal,1970,67.0731707317073
Romania,1970,67.4824146341464
Slovenia,1970,68.609756097561
Sweden,1970,74.6492682926829
Ukraine,1970,68.8089756097561
Albania,1971,65.618
Andorra,1971,
Austria,1971,70.1146341463415
Belgium,1971,71.0604878048781
Bulgaria,1971,70.8736585365854
Bosnia and Herzegovina,1971,67.163
Belarus,1971,71.0117073170732
Switzerland,1971,73.1307317073171
Czechia,1971,69.6770731707317
Germany,1971,70.676756097561
Denmark,1971,73.4146341463415
Spain,1971,71.630243902439
Estonia,1971,69.8151707317073
Finland,1971,70.0175609756098
France,1971,71.9073170731707
United Kingdom,1971,72.2731707317073
Greece,1971,73.0095609756098
Croatia,1971,69.1401707317073
Hungary,1971,69.0524390243903
Ireland,1971,71.6758536585366
Iceland,1971,73.5704878048781
Israel,1971,71.7190243902439
Italy,1971,71.8068292682927
Lithuania,1971,71.7353658536585
Luxembourg,1971,69.195243902439
Latvia,1971,70.1646341463415
Moldova,1971,63.799
North Macedonia,1971,64.6176097560976
Montenegro,1971,69.5301707317073
Netherlands,1971,73.809512195122
Norway,1971,74.1792682926829
Poland,1971,69.6121951219512
Portugal,1971,66.7707317073171
Romania,1971,68.5041463414634
Slovenia,1971,68.8341463414634
Sweden,1971,74.6239024390244
Ukraine,1971,69.037756097561
Albania,1972,66.422
Andorra,1972,
Austria,1972,70.4634146341463
Belgium,1972,71.4051219512195
Bulgaria,1972,70.899512195122
Bosnia and Herzegovina,1972,67.672
Belarus,1972,70.8493170731708
Switzerland,1972,73.6443902439024
Czechia,1972,70.1765853658537
Germany,1972,70.9067073170732
Denmark,1972,73.4390243902439
Spain,1972,72.8180487804878
Estonia,1972,69.5921463414634
Finland,1972,70.7073170731707
France,1972,72.1073170731707
United Kingdom,1972,72.1243902439024
Greece,1972,72.7826829268293
Croatia,1972,69.4417804878049
Hungary,1972,69.6646341463415
Ireland,1972,71.021756097561
Iceland,1972,74.4558536585366
Israel,1972,71.0780487804878
Italy,1972,72.0753658536586
Lithuania,1972,71.0246341463415
Luxembourg,1972,70.3215853658537
Latvia,1972,69.8787804878049
Moldova,1972,63.949
North Macedonia,1972,65.5491463414634
Montenegro,1972,70.3741951219512
Netherlands,1972,73.7270731707317
Norway,1972,74.3446341463415
Poland,1972,70.6658536585366
Portugal,1972,68.3243902439024
Romania,1972,68.470243902439
Slovenia,1972,69.0585365853659
Sweden,1972,74.7180487804878
Ukraine,1972,68.9172926829269
Albania,1973,67.14
Andorra,1973,
Austria,1973,71.0146341463415
Belgium,1973,71.6353658536586
Bulgaria,1973,71.3421951219512
Bosnia and Herzegovina,1973,68.216
Belarus,1973,71.0006585365854
Switzerland,1973,73.9409756097561
Czechia,1973,70.0226829268293
Germany,1973,71.1128048780488
Denmark,1973,73.6821951219512
Spain,1973,72.6107317073171
Estonia,1973,69.7994634146342
Finland,1973,71.2236585365854
France,1973,72.3560975609756
United Kingdom,1973,72.3243902439024
Greece,1973,72.9819756097561
Croatia,1973,69.848487804878
Hungary,1973,69.5180487804878
Ireland,1973,71.2399756097561
Iceland,1973,74.4509756097561
Israel,1973,71.6934146341464
Italy,1973,72.0263414634146
Lithuania,1973,71.3321951219512
Luxembourg,1973,70.2403658536585
Latvia,1973,69.8134146341464
Moldova,1973,64.163
North Macedonia,1973,65.9361219512195
Montenegro,1973,70.5930731707317
Netherlands,1973,74.1439024390244
Norway,1973,74.4421951219512
Poland,1973,70.6634146341463
Portugal,1973,67.5243902439024
Romania,1973,69.0056097560976
Slovenia,1973,69.4048780487805
Sweden,1973,74.8673170731707
Ukraine,1973,69.0430975609756
Albania,1974,67.769
Andorra,1974,
Austria,1974,71.0121951219512
Belgium,1974,71.9858536585366
Bulgaria,1974,71.2080487804878
Bosnia and Herzegovina,1974,68.862
Belarus,1974,70.8546829268293
Switzerland,1974,74.2870731707317
Czechia,1974,70.0865853658537
Germany,1974,71.4189268292683
Denmark,1974,73.8082926829268
Spain,1974,72.969756097561
Estonia,1974,70.0786097560976
Finland,1974,71.1348780487805
France,1974,72.6048780487805
United Kingdom,1974,72.5243902439024
Greece,1974,73.4155853658537
Croatia,1974,70.1436585365854
Hungary,1974,69.2480487804878
Ireland,1974,71.1755609756098
Iceland,1974,74.5117073170732
Israel,1974,71.6617073170732
Italy,1974,72.7343902439025
Lithuania,1974,71.2441463414634
Luxembourg,1974,70.1571707317073
Latvia,1974,69.7409756097561
Moldova,1974,64.211
North Macedonia,1974,66.592
Montenegro,1974,71.220756097561
Netherlands,1974,74.5368292682927
Norway,1974,74.7536585365854
Poland,1974,71.1170731707317
Portugal,1974,68.019512195122
Romania,1974,69.499756097561
Slovenia,1974,70.1609756097561
Sweden,1974,74.9804878048781
Ukraine,1974,68.9340243902439
Albania,1975,68.328
Andorra,1975,
Austria,1975,71.1146341463415
Belgium,1975,71.9712195121951
Bulgaria,1975,71.049756097561
Bosnia and Herzegovina,1975,69.405
Belarus,1975,70.4570975609756
Switzerland,1975,74.6656097560976
Czechia,1975,70.4146341463415
Germany,1975,71.259243902439
Denmark,1975,74.0751219512195
Spain,1975,73.3187804878049
Estonia,1975,69.3543658536585
Finland,1975,71.6736585365854
France,1975,72.8536585365854
United Kingdom,1975,72.7243902439024
Greece,1975,73.3763658536586
Croatia,1975,70.0019512195122
Hungary,1975,69.29
Ireland,1975,71.7530487804878
Iceland,1975,75.5787804878049
Israel,1975,72.0451219512195
Italy,1975,72.6473170731708
Lithuania,1975,70.8673170731707
Luxembourg,1975,70.2986097560976
Latvia,1975,68.9253658536585
Moldova,1975,64.348
North Macedonia,1975,66.9877804878049
Montenegro,1975,71.174243902439
Netherlands,1975,74.4987804878049
Norway,1975,74.8175609756098
Poland,1975,70.5609756097561
Portugal,1975,68.309756097561
Romania,1975,69.6139024390244
Slovenia,1975,70.3585365853659
Sweden,1975,74.9846341463415
Ukraine,1975,69.0463170731707
Albania,1976,68.704
Andorra,1976,
Austria,1976,71.5658536585366
Belgium,1976,72.119756097561
Bulgaria,1976,71.3948780487805
Bosnia and Herzegovina,1976,69.648
Belarus,1976,70.3968292682927
Switzerland,1976,74.7853658536585
Czechia,1976,70.5326829268293
Germany,1976,71.7122195121951
Denmark,1976,73.739756097561
Spain,1976,73.6426829268293
Estonia,1976,68.9256829268293
Finland,1976,71.8129268292683
France,1976,73.1024390243903
United Kingdom,1976,72.7756097560976
Greece,1976,73.634
Croatia,1976,70.4553658536585
Hungary,1976,69.5731707317073
Ireland,1976,71.8566097560976
Iceland,1976,76.9721951219512
Israel,1976,72.9560975609756
Italy,1976,72.9919512195122
Lithuania,1976,70.9580487804878
Luxembourg,1976,69.9751463414634
Latvia,1976,69.0478048780488
Moldova,1976,64.496
North Macedonia,1976,67.7455609756098
Montenegro,1976,71.5699512195122
Netherlands,1976,74.6470731707317
Norway,1976,75.039512195122
Poland,1976,70.6560975609756
Portugal,1976,68.8609756097561
Romania,1976,69.6987804878049
Slovenia,1976,70.3073170731707
Sweden,1976,74.9692682926829
Ukraine,1976,69.0428536585366
Albania,1977,69.121
Andorra,1977,
Austria,1977,71.9146341463415
Belgium,1977,72.7739024390244
Bulgaria,1977,70.8160975609756
Bosnia and Herzegovina,1977,70.041
Belarus,1977,70.2890243902439
Switzerland,1977,75.2380487804878
Czechia,1977,70.5734146341463
Germany,1977,72.3073170731707
Denmark,1977,74.6324390243903
Spain,1977,74.1319512195122
Estonia,1977,69.3248292682927
Finland,1977,72.350243902439
France,1977,73.3512195121951
United Kingdom,1977,73.2243902439024
Greece,1977,73.6708048780488
Croatia,1977,70.7443902439024
Hungary,1977,69.8480487804878
Ireland,1977,71.9973902439024
Iceland,1977,76.3736585365854
Israel,1977,72.9585365853659
Italy,1977,73.3646341463415
Lithuania,1977,70.809512195122
Luxembourg,1977,71.4586585365854
Latvia,1977,69.1046341463415
Moldova,1977,64.506
North Macedonia,1977,68.4434390243903
Montenegro,1977,71.3515365853658
Netherlands,1977,75.2214634146342
Norway,1977,75.3868292682927
Poland,1977,70.4024390243902
Portugal,1977,70.0121951219512
Romania,1977,69.7419512195122
Slovenia,1977,70.5560975609756
Sweden,1977,75.379756097561
Ukraine,1977,68.8185609756098
Albania,1978,69.309
Andorra,1978,
Austria,1978,72.0121951219512
Belgium,1978,72.6980487804878
Bulgaria,1978,71.1846341463415
Bosnia and Herzegovina,1978,70.132
Belarus,1978,70.0817317073171
Switzerland,1978,75.1873170731707
Czechia,1978,70.6439024390244
Germany,1978,72.2904146341464
Denmark,1978,74.3929268292683
Spain,1978,74.2956097560976
Estonia,1978,68.9206097560976
Finland,1978,72.8970731707317
France,1978,73.6024390243903
United Kingdom,1978,73.1756097560976
Greece,1978,74.358756097561
Croatia,1978,70.5387804878049
Hungary,1978,69.3939024390244
Ireland,1978,71.9963170731707
Iceland,1978,76.6492682926829
Israel,1978,73.2073170731707
Italy,1978,73.6931707317073
Lithuania,1978,70.6046341463415
Luxembourg,1978,71.4958048780488
Latvia,1978,68.9878048780488
Moldova,1978,64.523
North Macedonia,1978,69.3591463414634
Montenegro,1978,71.1449268292683
Netherlands,1978,75.1451219512195
Norway,1978,75.4185365853659
Poland,1978,70.3512195121951
Portugal,1978,70.3170731707317
Romania,1978,69.4804878048781
Slovenia,1978,70.7024390243902
Sweden,1978,75.4690243902439
Ukraine,1978,68.7599756097561
Albania,1979,69.584
Andorra,1979,
Austria,1979,72.3121951219512
Belgium,1979,73.1936585365854
Bulgaria,1979,71.3082926829268
Bosnia and Herzegovina,1979,70.34
Belarus,1979,69.9336341463415
Switzerland,1979,75.4660975609756
Czechia,1979,70.749512195122
Germany,1979,72.6301707317073
Denmark,1979,74.2192682926829
Spain,1979,74.8187804878049
Estonia,1979,68.7858536585366
Finland,1979,73.1553658536586
France,1979,73.8512195121951
United Kingdom,1979,73.2756097560976
Greece,1979,74.6210731707317
Croatia,1979,70.4273170731707
Hungary,1979,69.6153658536585
Ireland,1979,72.2680243902439
Iceland,1979,76.7731707317073
Israel,1979,73.5073170731707
Italy,1979,74.0026829268293
Lithuania,1979,70.4821951219512
Luxembourg,1979,72.3307804878049
Latvia,1979,68.4956097560976
Moldova,1979,64.807
North Macedonia,1979,69.6502195121951
Montenegro,1979,70.4828292682927
Netherlands,1979,75.6060975609756
Norway,1979,75.4139024390244
Poland,1979,70.7512195121951
Portugal,1979,71.1682926829268
Romania,1979,69.1531707317073
Slovenia,1979,70.8536585365854
Sweden,1979,75.5241463414634
Ukraine,1979,68.4696829268293
Albania,1980,70.478
Andorra,1980,
Austria,1980,72.4634146341463
Belgium,1980,73.2070731707317
Bulgaria,1980,71.1575609756098
Bosnia and Herzegovina,1980,70.543
Belarus,1980,69.9277073170732
Switzerland,1980,75.4592682926829
Czechia,1980,70.2780487804878
Germany,1980,72.8003170731707
Denmark,1980,74.1017073170732
Spain,1980,75.3492682926829
Estonia,1980,68.7956341463415
Finland,1980,73.44
France,1980,74.0512195121951
United Kingdom,1980,73.6756097560976
Greece,1980,74.5462682926829
Croatia,1980,70.1753658536586
Hungary,1980,69.0617073170732
Ireland,1980,72.5954146341464
Iceland,1980,76.8465853658537
Israel,1980,73.8756097560976
Italy,1980,73.9431707317073
Lithuania,1980,70.4821951219512
Luxembourg,1980,72.2068048780488
Latvia,1980,68.8085365853659
Moldova,1980,65.173
North Macedonia,1980,69.2471219512195
Montenegro,1980,71.6091219512195
Netherlands,1980,75.7431707317073
Norway,1980,75.6717073170732
Poland,1980,70.0975609756098
Portugal,1980,71.2146341463415
Romania,1980,69.0909756097561
Slovenia,1980,71.1048780487805
Sweden,1980,75.7409756097561
Ukraine,1980,68.3301707317073
Albania,1981,70.73
Andorra,1981,
Austria,1981,72.8121951219512
Belgium,1981,73.6217073170732
Bulgaria,1981,71.5719512195122
Bosnia and Herzegovina,1981,70.7
Belarus,1981,69.907512195122
Switzerland,1981,75.6931707317073
Czechia,1981,70.7221951219512
Germany,1981,73.0402195121951
Denmark,1981,74.2304878048781
Spain,1981,75.5285365853659
Estonia,1981,68.9780487804878
Finland,1981,73.7465853658537
France,1981,74.3
United Kingdom,1981,74.0268292682927
Greece,1981,74.9574390243902
Croatia,1981,70.3443902439025
Hungary,1981,69.1392682926829
Ireland,1981,72.9517804878049
Iceland,1981,76.5214634146341
Israel,1981,74.2609756097561
Italy,1981,74.3539024390244
Lithuania,1981,70.4607317073171
Luxembourg,1981,72.369756097561
Latvia,1981,68.7863414634146
Moldova,1981,65.613
North Macedonia,1981,69.8104878048781
Montenegro,1981,71.2397804878049
Netherlands,1981,75.9343902439025
Norway,1981,75.8690243902439
Poland,1981,71.0512195121951
Portugal,1981,71.6146341463415
Romania,1981,69.3682926829268
Slovenia,1981,71.2048780487805
Sweden,1981,76.0260975609756
Ukraine,1981,68.5981951219512
Albania,1982,71.023
Andorra,1982,
Austria,1982,72.9609756097561
Belgium,1982,73.8880487804878
Bulgaria,1982,71.1860975609756
Bosnia and Herzegovina,1982,70.875
Belarus,1982,70.0769024390244
Switzerland,1982,76.0339024390244
Czechia,1982,70.8078048780488
Germany,1982,73.3331463414634
Denmark,1982,74.5512195121951
Spain,1982,76.1341463414634
Estonia,1982,69.1268292682927
Finland,1982,74.2980487804878
France,1982,74.5
United Kingdom,1982,74.1780487804878
Greece,1982,75.2505365853659
Croatia,1982,70.4826829268293
Hungary,1982,69.3578048780488
Ireland,1982,73.2090487804878
Iceland,1982,77.0378048780488
Israel,1982,74.109756097561
Italy,1982,74.8146341463415
Lithuania,1982,70.8368292682927
Luxembourg,1982,72.6503414634146
Latvia,1982,69.3282926829268
Moldova,1982,66.179
North Macedonia,1982,69.9555609756098
Montenegro,1982,71.1811463414634
Netherlands,1982,75.9885365853659
Norway,1982,76.0109756097561
Poland,1982,71.1024390243903
Portugal,1982,72.4146341463415
Romania,1982,69.5317073170732
Slovenia,1982,71.0536585365854
Sweden,1982,76.3273170731707
Ukraine,1982,68.8756829268293
Albania,1983,71.296
Andorra,1983,
Austria,1983,73.0121951219512
Belgium,1983,73.8690243902439
Bulgaria,1983,71.3863414634146
Bosnia and Herzegovina,1983,71.081
Belarus,1983,69.7948536585366
Switzerland,1983,76.0312195121951
Czechia,1983,70.5914634146341
Germany,1983,73.6221463414634
Denmark,1983,74.4204878048781
Spain,1983,75.9090243902439
Estonia,1983,69.3756097560976
Finland,1983,74.2009756097561
France,1983,74.8
United Kingdom,1983,74.3780487804878
Greece,1983,75.5177317073171
Croatia,1983,70.2748780487805
Hungary,1983,68.9736585365854
Ireland,1983,73.2400975609756
Iceland,1983,76.8456097560976
Israel,1983,74.4585365853658
Italy,1983,74.640243902439
Lithuania,1983,70.7778048780488
Luxembourg,1983,72.7811219512195
Latvia,1983,69.1190243902439
Moldova,1983,65.684
North Macedonia,1983,69.4826829268293
Montenegro,1983,71.1316829268293
Netherlands,1983,76.1641463414634
Norway,1983,76.0668292682927
Poland,1983,71.0
Portugal,1983,72.2658536585366
Romania,1983,69.7263414634147
Slovenia,1983,70.5414634146342
Sweden,1983,76.5517073170732
Ukraine,1983,68.8463902439025
Albania,1984,71.502
Andorra,1984,
Austria,1984,73.6121951219512
Belgium,1984,74.4048780487805
Bulgaria,1984,71.499756097561
Bosnia and Herzegovina,1984,71.036
Belarus,1984,69.5631951219512
Switzerland,1984,76.6085365853659
Czechia,1984,70.8375609756098
Germany,1984,74.0722926829268
Denmark,1984,74.5621951219512
Spain,1984,76.2953658536586
Estonia,1984,69.2780487804878
Finland,1984,74.5190243902439
France,1984,75.0
United Kingdom,1984,74.7780487804878
Greece,1984,75.7743902439024
Croatia,1984,70.2185365853659
Hungary,1984,69.0258536585366
Ireland,1984,73.6637317073171
Iceland,1984,77.5765853658537
Israel,1984,74.8073170731707
Italy,1984,75.389512195122
Lithuania,1984,70.32
Luxembourg,1984,73.0532195121951
Latvia,1984,69.1629268292683
Moldova,1984,65.68
North Macedonia,1984,70.021756097561
Montenegro,1984,72.7682682926829
Netherlands,1984,76.2331707317073
Norway,1984,76.2243902439024
Poland,1984,70.8
Portugal,1984,72.5146341463415
Romania,1984,69.6587804878049
Slovenia,1984,70.9024390243903
Sweden,1984,76.8158536585366
Ukraine,1984,68.5058048780488
Albania,1985,71.656
Andorra,1985,
Austria,1985,73.8146341463415
Belgium,1985,74.520243902439
Bulgaria,1985,71.2280487804878
Bosnia and Herzegovina,1985,70.799
Belarus,1985,70.9926829268293
Switzerland,1985,76.7336585365854
Czechia,1985,71.0463414634146
Germany,1985,74.1890975609756
Denmark,1985,74.4275609756098
Spain,1985,76.259512195122
Estonia,1985,69.3804878048781
Finland,1985,74.2229268292683
France,1985,75.3
United Kingdom,1985,74.6292682926829
Greece,1985,76.0829024390244
Croatia,1985,70.8860975609756
Hungary,1985,68.9721951219512
Ireland,1985,73.6219024390244
Iceland,1985,77.6024390243903
Israel,1985,75.2073170731707
Italy,1985,75.4707317073171
Lithuania,1985,70.5012195121951
Luxembourg,1985,73.5341951219512
Latvia,1985,69.2914634146342
Moldova,1985,65.688
North Macedonia,1985,70.0820731707317
Montenegro,1985,73.8543658536585
Netherlands,1985,76.2846341463415
Norway,1985,75.9168292682927
Poland,1985,70.5487804878049
Portugal,1985,72.8146341463415
Romania,1985,69.7068292682927
Slovenia,1985,71.3512195121951
Sweden,1985,76.6678048780488
Ukraine,1985,68.6131219512195
Albania,1986,71.95
Andorra,1986,
Austria,1986,74.3170731707317
Belgium,1986,74.7317073170732
Bulgaria,1986,71.7307317073171
Bosnia and Herzegovina,1986,71.239
Belarus,1986,71.549512195122
Switzerland,1986,76.8990243902439
Czechia,1986,70.9973170731707
Germany,1986,74.3968292682927
Denmark,1986,74.579756097561
Spain,1986,76.5104878048781
Estonia,1986,70.0853658536585
Finland,1986,74.56
France,1986,75.6
United Kingdom,1986,74.9292682926829
Greece,1986,76.4826585365854
Croatia,1986,71.4190243902439
Hungary,1986,69.1734146341463
Ireland,1986,73.6655365853659
Iceland,1986,77.9907317073171
Israel,1986,74.9560975609756
Italy,1986,75.7707317073171
Lithuania,1986,72.0807317073171
Luxembourg,1986,73.995512195122
Latvia,1986,70.6224390243903
Moldova,1986,67.635
North Macedonia,1986,70.383
Montenegro,1986,74.2454634146342
Netherlands,1986,76.2704878048781
Norway,1986,76.2412195121951
Poland,1986,70.8487804878049
Portugal,1986,73.2658536585366
Romania,1986,69.4963414634146
Slovenia,1986,71.8024390243903
Sweden,1986,76.9312195121951
Ukraine,1986,70.0662926829268
Albania,1987,72.352
Andorra,1987,
Austria,1987,74.7682926829268
Belgium,1987,75.3658536585366
Bulgaria,1987,71.5268292682927
Bosnia and Herzegovina,1987,71.676
Belarus,1987,70.990243902439
Switzerland,1987,77.1975609756098
Czechia,1987,71.4456097560976
Germany,1987,74.8070243902439
Denmark,1987,74.6912195121951
Spain,1987,76.7280487804878
Estonia,1987,70.6439024390244
Finland,1987,74.5919512195122
France,1987,75.8
United Kingdom,1987,75.280487804878
Greece,1987,76.2798536585366
Croatia,1987,71.470243902439
Hungary,1987,69.6512195121951
Ireland,1987,74.4323902439024
Iceland,1987,77.3390243902439
Israel,1987,75.2585365853659
Italy,1987,76.219512195122
Lithuania,1987,71.9346341463415
Luxembourg,1987,74.0760975609756
Latvia,1987,70.6929268292683
Moldova,1987,68.121
North Macedonia,1987,70.3766097560976
Montenegro,1987,75.0944146341464
Netherlands,1987,76.7051219512195
Norway,1987,76.0817073170732
Poland,1987,70.8975609756098
Portugal,1987,73.6658536585366
Romania,1987,69.2268292682927
Slovenia,1987,72.0024390243902
Sweden,1987,77.0921951219512
Ukraine,1987,70.4951219512195
Albania,1988,72.641
Andorra,1988,
Austria,1988,75.2170731707317
Belgium,1988,75.5658536585366
Bulgaria,1988,71.6043902439024
Bosnia and Herzegovina,1988,71.755
Belarus,1988,71.3414634146341
Switzerland,1988,77.2265853658537
Czechia,1988,71.6414634146342
Germany,1988,74.9987317073171
Denmark,1988,74.7717073170732
Spain,1988,76.7470731707317
Estonia,1988,70.6975609756098
Finland,1988,74.5770731707317
France,1988,76.1
United Kingdom,1988,75.3804878048781
Greece,1988,76.980756097561
Croatia,1988,71.4882926829268
Hungary,1988,70.0234146341463
Ireland,1988,74.4394146341463
Iceland,1988,77.0829268292683
Israel,1988,74.4365853658537
Italy,1988,76.3707317073171
Lithuania,1988,71.7621951219512
Luxembourg,1988,74.7882195121951
Latvia,1988,70.6153658536585
Moldova,1988,68.159
North Macedonia,1988,70.8194390243902
Montenegro,1988,76.2375365853659
Netherlands,1988,76.890243902439
Norway,1988,76.2204878048781
Poland,1988,71.3317073170732
Portugal,1988,73.7146341463415
Romania,1988,69.3880487804878
Slovenia,1988,72.4463414634146
Sweden,1988,76.9792682926829
Ukraine,1988,70.4975609756098
Albania,1989,72.88
Andorra,1989,
Austria,1989,75.2658536585366
Belgium,1989,75.6326829268293
Bulgaria,1989,71.7224390243903
Bosnia and Herzegovina,1989,71.781
Belarus,1989,71.4829268292683
Switzerland,1989,77.4212195121951
Czechia,1989,71.6756097560976
Germany,1989,75.1915365853659
Denmark,1989,74.799756097561
Spain,1989,76.8136585365854
Estonia,1989,70.0390243902439
Finland,1989,74.7921951219512
France,1989,76.3487804878049
United Kingdom,1989,75.5829268292683
Greece,1989,76.6878048780488
Croatia,1989,71.8446341463415
Hungary,1989,69.4617073170732
Ireland,1989,74.4552195121951
Iceland,1989,78.1409756097561
Israel,1989,76.3073170731707
Italy,1989,76.819512195122
Lithuania,1989,71.4253658536585
Luxembourg,1989,74.5662682926829
Latvia,1989,70.1553658536586
Moldova,1989,68.673
North Macedonia,1989,71.1368292682927
Montenegro,1989,75.5379024390244
Netherlands,1989,76.7341463414634
Norway,1989,76.500487804878
Poland,1989,71.0439024390244
Portugal,1989,74.2658536585366
Romania,1989,69.5307317073171
Slovenia,1989,72.7048780487805
Sweden,1989,77.7268292682927
Ukraine,1989,70.519512195122
Albania,1990,73.144
Andorra,1990,
Austria,1990,75.5682926829269
Belgium,1990,76.0519512195122
Bulgaria,1990,71.6414634146342
Bosnia and Herzegovina,1990,72.349
Belarus,1990,70.8365853658537
Switzerland,1990,77.2424390243902
Czechia,1990,71.3839024390244
Germany,1990,75.0856341463415
Denmark,1990,74.8053658536585
Spain,1990,76.8375609756098
Estonia,1990,69.4756097560976
Finland,1990,74.8131707317073
France,1990,76.6
United Kingdom,1990,75.8804878048781
Greece,1990,76.9390243902439
Croatia,1990,72.1704878048781
Hungary,1990,69.3156097560976
Ireland,1990,74.8460731707317
Iceland,1990,78.0363414634146
Israel,1990,76.6073170731707
Italy,1990,76.9707317073171
Lithuania,1990,71.1607317073171
Luxembourg,1990,75.4383170731707
Latvia,1990,69.2731707317073
Moldova,1990,68.067
North Macedonia,1990,71.2338048780488
Montenegro,1990,75.5668780487805
Netherlands,1990,76.8780487804878
Norway,1990,76.5373170731707
Poland,1990,70.890243902439
Portugal,1990,73.9658536585366
Romania,1990,69.7412195121951
Slovenia,1990,73.2048780487805
Sweden,1990,77.5368292682927
Ukraine,1990,70.0975609756098
Albania,1991,73.378
Andorra,1991,
Austria,1991,75.6170731707317
Belgium,1991,76.1921951219512
Bulgaria,1991,71.5609756097561
Bosnia and Herzegovina,1991,72.089
Belarus,1991,70.3780487804878
Switzerland,1991,77.5146341463415
Czechia,1991,71.8982926829268
Germany,1991,75.319512195122
Denmark,1991,75.1578048780488
Spain,1991,76.9712195121951
Estonia,1991,69.3731707317073
Finland,1991,75.2275609756098
France,1991,76.8487804878049
United Kingdom,1991,76.0829268292683
Greece,1991,77.1365853658537
Croatia,1991,72.1853658536586
Hungary,1991,69.3770731707317
Ireland,1991,75.025
Iceland,1991,77.9919512195122
Israel,1991,76.7585365853659
Italy,1991,77.0195121951219
Lithuania,1991,70.3641463414634
Luxembourg,1991,75.4634146341463
Latvia,1991,69.0324390243903
Moldova,1991,66.977
North Macedonia,1991,71.8444390243903
Montenegro,1991,75.6826097560976
Netherlands,1991,77.0
Norway,1991,76.9807317073171
Poland,1991,70.5878048780488
Portugal,1991,74.0146341463415
Romania,1991,69.7843902439024
Slovenia,1991,73.3536585365854
Sweden,1991,77.6668292682927
Ukraine,1991,69.2980487804878
Albania,1992,73.715
Andorra,1992,
Austria,1992,75.8170731707317
Belgium,1992,76.3512195121951
Bulgaria,1992,71.4943902439024
Bosnia and Herzegovina,1992,51.785
Belarus,1992,70.0219512195122
Switzerland,1992,77.8060975609756
Czechia,1992,72.2717073170732
Germany,1992,75.819512195122
Denmark,1992,75.1941463414634
Spain,1992,77.41
Estonia,1992,68.8634146341464
Finland,1992,75.4553658536585
France,1992,77.1
United Kingdom,1992,76.4341463414634
Greece,1992,77.3829268292683
Croatia,1992,71.2414634146342
Hungary,1992,69.1170731707317
Ireland,1992,75.4150975609756
Iceland,1992,78.760243902439
Israel,1992,76.5048780487805
Italy,1992,77.419512195122
Lithuania,1992,70.2343902439025
Luxembourg,1992,75.7707317073171
Latvia,1992,68.3960975609756
Moldova,1992,66.96
North Macedonia,1992,71.2440731707317
Montenegro,1992,74.3653658536585
Netherlands,1992,77.2170731707317
Norway,1992,77.1843902439025
Poland,1992,71.090243902439
Portugal,1992,74.3121951219512
Romania,1992,69.7843902439024
Slovenia,1992,73.3048780487805
Sweden,1992,77.9987804878049
Ukraine,1992,68.7709756097561
Albania,1993,73.939
Andorra,1993,
Austria,1993,76.0682926829268
Belgium,1993,76.3453658536585
Bulgaria,1993,71.3468292682927
Bosnia and Herzegovina,1993,51.519
Belarus,1993,68.9707317073171
Switzerland,1993,78.0853658536586
Czechia,1993,72.7678048780488
Germany,1993,75.8707317073171
Denmark,1993,75.1168292682927
Spain,1993,77.5465853658537
Estonia,1993,67.909756097561
Finland,1993,75.7051219512195
France,1993,77.3
United Kingdom,1993,76.3853658536585
Greece,1993,77.390243902439
Croatia,1993,71.5224390243903
Hungary,1993,69.1012195121951
Ireland,1993,75.2921951219512
Iceland,1993,78.9346341463415
Israel,1993,77.1536585365854
Italy,1993,77.7219512195122
Lithuania,1993,68.9104878048781
Luxembourg,1993,75.7121951219512
Latvia,1993,66.7226829268293
Moldova,1993,66.543
North Macedonia,1993,71.9252926829268
Montenegro,1993,74.6332926829268
Netherlands,1993,76.9165853658537
Norway,1993,77.1517073170732
Poland,1993,71.5951219512195
Portugal,1993,74.5121951219512
Romania,1993,69.5634146341464
Slovenia,1993,73.2536585365854
Sweden,1993,78.0604878048781
Ukraine,1993,68.1307317073171
Albania,1994,74.131
Andorra,1994,
Austria,1994,76.419512195122
Belgium,1994,76.6917073170732
Bulgaria,1994,71.2087804878049
Bosnia and Herzegovina,1994,67.209
Belarus,1994,68.7682926829268
Switzerland,1994,78.35
Czechia,1994,72.9726829268293
Germany,1994,76.2707317073171
Denmark,1994,75.3751219512195
Spain,1994,77.9014634146342
Estonia,1994,66.5
Finland,1994,76.3956097560976
France,1994,77.6487804878049
United Kingdom,1994,76.8853658536585
Greece,1994,77.6390243902439
Croatia,1994,71.8034146341463
Hungary,1994,69.469756097561
Ireland,1994,75.7871219512195
Iceland,1994,79.2470731707317
Israel,1994,77.4024390243903
Italy,1994,77.9219512195122
Lithuania,1994,68.530243902439
Luxembourg,1994,76.3707317073171
Latvia,1994,65.6643902439025
Moldova,1994,65.07
North Macedonia,1994,71.6926829268293
Montenegro,1994,73.2455365853659
Netherlands,1994,77.3751219512195
Norway,1994,77.689756097561
Poland,1994,71.6951219512195
Portugal,1994,74.9146341463415
Romania,1994,69.509756097561
Slovenia,1994,73.4048780487805
Sweden,1994,78.650243902439
Ukraine,1994,67.5412195121951
Albania,1995,74.362
Andorra,1995,
Austria,1995,76.6682926829268
Belgium,1995,76.8407317073171
Bulgaria,1995,71.0534146341463
Bosnia and Herzegovina,1995,70.284
Belarus,1995,68.4609756097561
Switzerland,1995,78.4170731707317
Czechia,1995,73.0748780487805
Germany,1995,76.4219512195122
Denmark,1995,75.2126829268293
Spain,1995,77.9807317073171
Estonia,1995,67.5439024390244
Finland,1995,76.409512195122
France,1995,77.7512195121951
United Kingdom,1995,76.8365853658537
Greece,1995,77.5853658536585
Croatia,1995,72.0843902439024
Hungary,1995,69.7917073170732
Ireland,1995,75.4698048780488
Iceland,1995,77.9843902439024
Israel,1995,77.4512195121951
Italy,1995,78.1707317073171
Lithuania,1995,69.0063414634147
Luxembourg,1995,76.5121951219512
Latvia,1995,66.3912195121951
Moldova,1995,65.099
North Macedonia,1995,71.8487804878049
Montenegro,1995,74.109
Netherlands,1995,77.4046341463415
Norway,1995,77.7365853658537
Poland,1995,71.8926829268293
Portugal,1995,75.3121951219512
Romania,1995,69.4560975609756
Slovenia,1995,73.9585365853659
Sweden,1995,78.7404878048781
Ukraine,1995,66.7419512195122
Albania,1996,74.592
Andorra,1996,
Austria,1996,76.8707317073171
Belgium,1996,77.1873170731707
Bulgaria,1996,70.8973170731707
Bosnia and Herzegovina,1996,73.43
Belarus,1996,68.5121951219512
Switzerland,1996,78.8960975609756
Czechia,1996,73.7146341463415
Germany,1996,76.6731707317073
Denmark,1996,75.5914634146342
Spain,1996,78.1204878048781
Estonia,1996,69.6121951219512
Finland,1996,76.6934146341464
France,1996,77.9536585365854
United Kingdom,1996,77.0878048780488
Greece,1996,77.6853658536585
Croatia,1996,72.3653658536585
Hungary,1996,70.3287804878049
Ireland,1996,75.8317073170732
Iceland,1996,78.7778048780488
Israel,1996,78.1048780487805
Italy,1996,78.5219512195122
Lithuania,1996,70.1080487804878
Luxembourg,1996,76.519512195122
Latvia,1996,68.7765853658537
Moldova,1996,64.241
North Macedonia,1996,72.4951219512195
Montenegro,1996,73.4630243902439
Netherlands,1996,77.4356097560976
Norway,1996,78.1504878048781
Poland,1996,72.2463414634146
Portugal,1996,75.2609756097561
Romania,1996,69.1048780487805
Slovenia,1996,74.4585365853658
Sweden,1996,78.9590243902439
Ukraine,1996,67.0224390243903
Albania,1997,73.904
Andorra,1997,
Austria,1997,77.319512195122
Belgium,1997,77.3707317073171
Bulgaria,1997,70.3512195121951
Bosnia and Herzegovina,1997,73.686
Belarus,1997,68.4609756097561
Switzerland,1997,79.079512195122
Czechia,1997,73.8248780487805
Germany,1997,77.0731707317073
Denmark,1997,75.9451219512195
Spain,1997,78.6041463414634
Estonia,1997,69.809756097561
Finland,1997,76.8785365853659
France,1997,78.3048780487805
United Kingdom,1997,77.2109756097561
Greece,1997,78.1365853658537
Croatia,1997,72.4951219512195
Hungary,1997,70.7024390243902
Ireland,1997,75.9853658536585
Iceland,1997,78.8853658536585
Israel,1997,78.0
Italy,1997,78.8243902439024
Lithuania,1997,70.9090243902439
Luxembourg,1997,76.880487804878
Latvia,1997,69.3492682926829
Moldova,1997,65.172
North Macedonia,1997,72.4463414634146
Montenegro,1997,73.4790731707317
Netherlands,1997,77.7943902439024
Norway,1997,78.1426829268293
Poland,1997,72.6463414634146
Portugal,1997,75.4121951219512
Romania,1997,69.0048780487805
Slovenia,1997,74.7073170731707
Sweden,1997,79.1975609756098
Ukraine,1997,67.5763414634146
Albania,1998,74.99
Andorra,1998,
Austria,1998,77.6707317073171
Belgium,1998,77.4731707317073
Bulgaria,1998,71.0609756097561
Bosnia and Herzegovina,1998,73.901
Belarus,1998,68.4073170731707
Switzerland,1998,79.3243902439025
Czechia,1998,74.5146341463415
Germany,1998,77.4756097560976
Denmark,1998,76.1390243902439
Spain,1998,78.6658536585366
Estonia,1998,69.3585365853659
Finland,1998,77.0907317073171
France,1998,78.6048780487805
United Kingdom,1998,77.190243902439
Greece,1998,77.8390243902439
Croatia,1998,72.3170731707317
Hungary,1998,70.5578048780488
Ireland,1998,76.1804878048781
Iceland,1998,79.6024390243903
Israel,1998,78.1487804878049
Italy,1998,78.9756097560976
Lithuania,1998,71.219512195122
Luxembourg,1998,77.0170731707317
Latvia,1998,69.0121951219512
Moldova,1998,65.505
North Macedonia,1998,72.2975609756098
Montenegro,1998,73.3142195121951
Netherlands,1998,77.8829268292683
Norway,1998,78.3292682926829
Poland,1998,72.9975609756098
Portugal,1998,75.7121951219512
Romania,1998,69.8073170731708
Slovenia,1998,74.8073170731708
Sweden,1998,79.3390243902439
Ukraine,1998,68.3748780487805
Albania,1999,75.183
Andorra,1999,
Austria,1999,77.8756097560976
Belgium,1999,77.619512195122
Bulgaria,1999,71.4121951219512
Bosnia and Herzegovina,1999,75.076
Belarus,1999,67.9073170731707
Switzerland,1999,79.580487804878
Czechia,1999,74.6682926829268
Germany,1999,77.7268292682927
Denmark,1999,76.3414634146341
Spain,1999,78.7170731707317
Estonia,1999,70.0634146341463
Finland,1999,77.2912195121951
France,1999,78.7560975609756
United Kingdom,1999,77.390243902439
Greece,1999,77.9878048780488
Croatia,1999,72.6419512195122
Hungary,1999,70.6770731707317
Ireland,1999,76.0829268292683
Iceland,1999,79.3512195121951
Israel,1999,78.6585365853659
Italy,1999,79.4243902439024
Lithuania,1999,71.5707317073171
Luxembourg,1999,77.7707317073171
Latvia,1999,69.7429268292683
Moldova,1999,65.561
North Macedonia,1999,72.790243902439
Montenegro,1999,72.640756097561
Netherlands,1999,77.8365853658537
Norway,1999,78.2829268292683
Poland,1999,73.0439024390244
Portugal,1999,75.9634146341463
Romania,1999,70.5121951219512
Slovenia,1999,75.009756097561
Sweden,1999,79.4414634146342
Ukraine,1999,67.9809756097561
Albania,2000,75.404
Andorra,2000,
Austria,2000,78.1268292682927
Belgium,2000,77.7219512195122
Bulgaria,2000,71.6634146341463
Bosnia and Herzegovina,2000,74.496
Belarus,2000,68.9121951219512
Switzerland,2000,79.6804878048781
Czechia,2000,74.9682926829268
Germany,2000,77.9268292682927
Denmark,2000,76.5926829268293
Spain,2000,78.9658536585366
Estonia,2000,70.4170731707317
Finland,2000,77.4658536585366
France,2000,79.0560975609756
United Kingdom,2000,77.7414634146342
Greece,2000,77.8878048780488
Croatia,2000,72.8078048780488
Hungary,2000,71.2463414634146
Ireland,2000,76.5365853658537
Iceland,2000,79.6536585365854
Israel,2000,78.9536585365854
Italy,2000,79.7780487804878
Lithuania,2000,72.0195121951219
Luxembourg,2000,77.8731707317073
Latvia,2000,70.3146341463415
Moldova,2000,66.417
North Macedonia,2000,72.9463414634147
Montenegro,2000,73.8184878048781
Netherlands,2000,77.9878048780488
Norway,2000,78.6341463414634
Poland,2000,73.7487804878049
Portugal,2000,76.3146341463415
Romania,2000,71.1634146341463
Slovenia,2000,75.4121951219512
Sweden,2000,79.6439024390244
Ukraine,2000,67.6756097560976
Albania,2001,75.639
Andorra,2001,
Austria,2001,78.5756097560976
Belgium,2001,77.9731707317073
Bulgaria,2001,71.7682926829268
Bosnia and Herzegovina,2001,75.06
Belarus,2001,68.5073170731707
Switzerland,2001,80.1804878048781
Czechia,2001,75.1731707317073
Germany,2001,78.3292682926829
Denmark,2001,76.7926829268293
Spain,2001,79.3682926829268
Estonia,2001,70.2585365853659
Finland,2001,77.9658536585366
France,2001,79.1585365853659
United Kingdom,2001,77.9926829268293
Greece,2001,78.3878048780488
Croatia,2001,74.5129268292683
Hungary,2001,72.2487804878049
Ireland,2001,77.1341463414634
Iceland,2001,80.690243902439
Israel,2001,79.4073170731707
Italy,2001,80.1268292682927
Lithuania,2001,71.6585365853659
Luxembourg,2001,77.8243902439025
Latvia,2001,70.7609756097561
Moldova,2001,66.787
North Macedonia,2001,73.4365853658537
Montenegro,2001,74.0694146341464
Netherlands,2001,78.190243902439
Norway,2001,78.7853658536585
Poland,2001,74.2
Portugal,2001,76.8146341463415
Romania,2001,71.1609756097561
Slovenia,2001,75.7585365853659
Sweden,2001,79.7951219512195
Ukraine,2001,67.8370731707317
Albania,2002,75.89
Andorra,2002,
Austria,2002,78.6780487804878
Belgium,2002,78.0756097560976
Bulgaria,2002,71.8658536585366
Bosnia and Herzegovina,2002,74.612
Belarus,2002,68.0560975609756
Switzerland,2002,80.3853658536585
Czechia,2002,75.2219512195122
Germany,2002,78.2292682926829
Denmark,2002,76.8951219512195
Spain,2002,79.5682926829268
Estonia,2002,70.9048780487805
Finland,2002,78.119512195122
France,2002,79.2609756097561
United Kingdom,2002,78.1439024390244
Greece,2002,78.6414634146341
Croatia,2002,74.7173170731707
Hungary,2002,72.3487804878049
Ireland,2002,77.6341463414634
Iceland,2002,80.5024390243903
Israel,2002,79.4512195121951
Italy,2002,80.2292682926829
Lithuania,2002,71.7609756097561
Luxembourg,2002,77.9658536585366
Latvia,2002,70.9609756097561
Moldova,2002,66.938
North Macedonia,2002,73.0390243902439
Montenegro,2002,73.9064878048781
Netherlands,2002,78.2926829268293
Norway,2002,78.9878048780488
Poland,2002,74.4975609756098
Portugal,2002,77.0658536585366
Romania,2002,71.009756097561
Slovenia,2002,76.0073170731707
Sweden,2002,79.8463414634146
Ukraine,2002,68.2756097560976
Albania,2003,76.142
Andorra,2003,
Austria,2003,78.6317073170732
Belgium,2003,78.1292682926829
Bulgaria,2003,72.0658536585366
Bosnia and Herzegovina,2003,75.782
Belarus,2003,68.5536585365854
Switzerland,2003,80.5365853658537
Czechia,2003,75.1707317073171
Germany,2003,78.3804878048781
Denmark,2003,77.1439024390244
Spain,2003,79.619512195122
Estonia,2003,71.3170731707317
Finland,2003,78.3682926829268
France,2003,79.1146341463415
United Kingdom,2003,78.4463414634146
Greece,2003,78.8414634146341
Croatia,2003,74.6139024390244
Hungary,2003,72.3
Ireland,2003,78.1390243902439
Iceland,2003,80.9634146341464
Israel,2003,79.6487804878049
Italy,2003,79.9829268292683
Lithuania,2003,72.0609756097561
Luxembourg,2003,77.7268292682927
Latvia,2003,71.2658536585366
Moldova,2003,67.419
North Macedonia,2003,73.2414634146342
Montenegro,2003,73.9317317073171
Netherlands,2003,78.4926829268293
Norway,2003,79.390243902439
Poland,2003,74.5975609756098
Portugal,2003,77.219512195122
Romania,2003,71.309756097561
Slovenia,2003,76.8585365853659
Sweden,2003,80.0951219512195
Ukraine,2003,68.2107317073171
Albania,2004,76.376
Andorra,2004,
Austria,2004,79.1804878048781
Belgium,2004,78.8780487804878
Bulgaria,2004,72.5634146341463
Bosnia and Herzegovina,2004,76.133
Belarus,2004,68.9560975609756
Switzerland,2004,81.0878048780488
Czechia,2004,75.7219512195122
Germany,2004,78.6804878048781
Denmark,2004,77.4926829268293
Spain,2004,79.8707317073171
Estonia,2004,71.909756097561
Finland,2004,78.7146341463415
France,2004,80.1634146341463
United Kingdom,2004,78.7463414634146
Greece,2004,79.0390243902439
Croatia,2004,75.520243902439
Hungary,2004,72.6487804878049
Ireland,2004,78.5390243902439
Iceland,2004,80.9975609756098
Israel,2004,80.1463414634146
Italy,2004,80.7804878048781
Lithuania,2004,71.9609756097561
Luxembourg,2004,79.1219512195122
Latvia,2004,72.0268292682927
Moldova,2004,67.861
North Macedonia,2004,73.5975609756098
Montenegro,2004,74.5639512195122
Netherlands,2004,79.0951219512195
Norway,2004,79.8414634146342
Poland,2004,74.8463414634146
Portugal,2004,77.6707317073171
Romania,2004,71.5609756097561
Slovenia,2004,77.2073170731707
Sweden,2004,80.4975609756098
Ukraine,2004,68.1853658536585
Albania,2005,76.621
Andorra,2005,
Austria,2005,79.3317073170732
Belgium,2005,78.9804878048781
Bulgaria,2005,72.5609756097561
Bosnia and Herzegovina,2005,75.42
Belarus,2005,68.8512195121951
Switzerland,2005,81.2365853658537
Czechia,2005,75.9243902439025
Germany,2005,78.9317073170732
Denmark,2005,77.8439024390244
Spain,2005,80.1707317073171
Estonia,2005,72.5682926829268
Finland,2005,78.8170731707317
France,2005,80.1634146341463
United Kingdom,2005,79.0487804878049
Greece,2005,79.2390243902439
Croatia,2005,75.2446341463415
Hungary,2005,72.6487804878049
Ireland,2005,78.9439024390244
Iceland,2005,81.5024390243902
Israel,2005,80.1512195121951
Italy,2005,80.7829268292683
Lithuania,2005,71.2536585365854
Luxembourg,2005,79.4317073170732
Latvia,2005,71.3560975609756
Moldova,2005,68.169
North Macedonia,2005,73.6975609756098
Montenegro,2005,73.9829268292683
Netherlands,2005,79.3463414634146
Norway,2005,80.0414634146342
Poland,2005,74.9951219512195
Portugal,2005,78.0707317073171
Romania,2005,71.9121951219512
Slovenia,2005,77.6121951219512
Sweden,2005,80.5463414634146
Ukraine,2005,67.9568292682927
Albania,2006,76.816
Andorra,2006,
Austria,2006,79.8804878048781
Belgium,2006,79.380487804878
Bulgaria,2006,72.6121951219512
Bosnia and Herzegovina,2006,76.247
Belarus,2006,69.4048780487805
Switzerland,2006,81.490243902439
Czechia,2006,76.5243902439024
Germany,2006,79.1317073170732
Denmark,2006,78.0951219512195
Spain,2006,80.8219512195122
Estonia,2006,72.6914634146341
Finland,2006,79.2146341463415
France,2006,80.8121951219512
United Kingdom,2006,79.2487804878049
Greece,2006,79.4390243902439
Croatia,2006,75.8368292682927
Hungary,2006,73.0975609756098
Ireland,2006,79.2414634146342
Iceland,2006,81.1585365853659
Israel,2006,80.5536585365854
Italy,2006,81.2829268292683
Lithuania,2006,71.0560975609756
Luxembourg,2006,79.2878048780488
Latvia,2006,70.8658536585366
Moldova,2006,68.479
North Macedonia,2006,73.8951219512195
Montenegro,2006,73.8390243902439
Netherlands,2006,79.6975609756098
Norway,2006,80.3439024390244
Poland,2006,75.1439024390244
Portugal,2006,78.419512195122
Romania,2006,72.1634146341463
Slovenia,2006,78.0865853658537
Sweden,2006,80.7487804878049
Ukraine,2006,68.0775609756098
Albania,2007,77.549
Andorra,2007,
Austria,2007,80.1804878048781
Belgium,2007,79.7829268292683
Bulgaria,2007,72.6634146341463
Bosnia and Herzegovina,2007,76.161
Belarus,2007,70.2073170731707
Switzerland,2007,81.7414634146342
Czechia,2007,76.7243902439025
Germany,2007,79.5341463414634
Denmark,2007,78.1951219512195
Spain,2007,80.8731707317073
Estonia,2007,72.8146341463415
Finland,2007,79.2634146341464
France,2007,81.1121951219512
United Kingdom,2007,79.4487804878049
Greece,2007,79.4390243902439
Croatia,2007,75.7056097560976
Hungary,2007,73.1512195121951
Ireland,2007,79.6414634146341
Iceland,2007,81.4536585365854
Israel,2007,80.5048780487805
Italy,2007,81.4341463414634
Lithuania,2007,70.9
Luxembourg,2007,79.3829268292683
Latvia,2007,71.019512195122
Moldova,2007,68.947
North Macedonia,2007,73.8
Montenegro,2007,74.3390243902439
Netherlands,2007,80.0975609756098
Norway,2007,80.3951219512195
Poland,2007,75.2439024390244
Portugal,2007,78.3219512195122
Romania,2007,72.5658536585366
Slovenia,2007,78.5609756097561
Sweden,2007,80.9
Ukraine,2007,68.2221951219512
Albania,2008,77.653
Andorra,2008,
Austria,2008,80.4317073170732
Belgium,2008,79.6804878048781
Bulgaria,2008,72.9634146341463
Bosnia and Herzegovina,2008,76.838
Belarus,2008,70.4560975609756
Switzerland,2008,81.9926829268293
Czechia,2008,76.9756097560976
Germany,2008,79.7365853658537
Denmark,2008,78.4463414634146
Spain,2008,81.1756097560976
Estonia,2008,73.7707317073171
Finland,2008,79.5682926829268
France,2008,81.2146341463415
United Kingdom,2008,79.6
Greece,2008,79.9390243902439
Croatia,2008,75.9121951219512
Hungary,2008,73.7024390243903
Ireland,2008,80.0951219512195
Iceland,2008,81.609756097561
Israel,2008,80.9512195121951
Italy,2008,81.4853658536585
Lithuania,2008,71.8121951219512
Luxembourg,2008,80.5390243902439
Latvia,2008,72.419512195122
Moldova,2008,69.394
North Macedonia,2008,74.4
Montenegro,2008,75.1365853658537
Netherlands,2008,80.2512195121951
Norway,2008,80.5926829268293
Poland,2008,75.5439024390244
Portugal,2008,78.5243902439025
Romania,2008,72.5658536585366
Slovenia,2008,78.7658536585366
Sweden,2008,81.1
Ukraine,2008,68.2514634146342
Albania,2009,77.781
Andorra,2009,
Austria,2009,80.3317073170732
Belgium,2009,80.0341463414634
Bulgaria,2009,73.4121951219512
Bosnia and Herzegovina,2009,76.976
Belarus,2009,70.4073170731707
Switzerland,2009,82.0439024390244
Czechia,2009,77.0780487804878
Germany,2009,79.8365853658537
Denmark,2009,78.5975609756098
Spain,2009,81.4756097560976
Estonia,2009,74.8243902439024
Finland,2009,79.719512195122
France,2009,81.4146341463415
United Kingdom,2009,80.0512195121951
Greece,2009,80.1878048780488
Croatia,2009,76.1682926829268
Hungary,2009,73.9048780487805
Ireland,2009,80.190243902439
Iceland,2009,81.7512195121951
Israel,2009,81.4048780487805
Italy,2009,81.6365853658537
Lithuania,2009,72.9146341463415
Luxembourg,2009,80.6365853658537
Latvia,2009,73.0804878048781
Moldova,2009,69.573
North Macedonia,2009,74.4463414634146
Montenegro,2009,75.1439024390244
Netherlands,2009,80.5487804878049
Norway,2009,80.7951219512195
Poland,2009,75.6951219512195
Portugal,2009,78.7268292682927
Romania,2009,73.309756097561
Slovenia,2009,78.9707317073171
Sweden,2009,81.3512195121951
Ukraine,2009,69.19
Albania,2010,77.936
Andorra,2010,
Austria,2010,80.5804878048781
Belgium,2010,80.1829268292683
Bulgaria,2010,73.5121951219512
Bosnia and Herzegovina,2010,77.073
Belarus,2010,70.4048780487805
Switzerland,2010,82.2463414634147
Czechia,2010,77.4243902439025
Germany,2010,79.9878048780488
Denmark,2010,79.1
Spain,2010,81.6268292682927
Estonia,2010,75.4292682926829
Finland,2010,79.8707317073171
France,2010,81.6634146341463
United Kingdom,2010,80.4024390243902
Greece,2010,80.3878048780488
Croatia,2010,76.4756097560976
Hungary,2010,74.2073170731707
Ireland,2010,80.7439024390244
Iceland,2010,81.8975609756097
Israel,2010,81.6024390243903
Italy,2010,82.0365853658537
Lithuania,2010,73.2682926829268
Luxembourg,2010,80.6317073170732
Latvia,2010,73.4829268292683
Moldova,2010,69.357
North Macedonia,2010,74.9975609756098
Montenegro,2010,75.990243902439
Netherlands,2010,80.7024390243902
Norway,2010,80.9975609756098
Poland,2010,76.2463414634146
Portugal,2010,79.0268292682927
Romania,2010,73.4585365853659
Slovenia,2010,79.4219512195122
Sweden,2010,81.4512195121951
Ukraine,2010,70.2653658536586
Albania,2011,78.092
Andorra,2011,
Austria,2011,80.9829268292683
Belgium,2011,80.5853658536585
Bulgaria,2011,74.1634146341463
Bosnia and Herzegovina,2011,77.007
Belarus,2011,70.5536585365854
Switzerland,2011,82.6951219512195
Czechia,2011,77.8731707317073
Germany,2011,80.4365853658537
Denmark,2011,79.8
Spain,2011,82.4756097560976
Estonia,2011,76.2292682926829
Finland,2011,80.4707317073171
France,2011,82.1146341463415
United Kingdom,2011,80.9512195121951
Greece,2011,80.7317073170732
Croatia,2011,76.7756097560976
Hungary,2011,74.8585365853659
Ireland,2011,80.7463414634146
Iceland,2011,82.3585365853659
Israel,2011,81.6560975609756
Italy,2011,82.1878048780488
Lithuania,2011,73.5634146341464
Luxembourg,2011,80.9878048780488
Latvia,2011,73.5756097560976
Moldova,2011,69.192
North Macedonia,2011,75.1
Montenegro,2011,75.9829268292683
Netherlands,2011,81.2048780487805
Norway,2011,81.2951219512195
Poland,2011,76.6951219512195
Portugal,2011,80.4707317073171
Romania,2011,74.409756097561
Slovenia,2011,79.9707317073171
Sweden,2011,81.8024390243903
Ukraine,2011,70.8092682926829
Albania,2012,78.064
Andorra,2012,
Austria,2012,80.9365853658537
Belgium,2012,80.3853658536585
Bulgaria,2012,74.3146341463415
Bosnia and Herzegovina,2012,77.191
Belarus,2012,71.9658536585366
Switzerland,2012,82.6975609756098
Czechia,2012,78.0756097560976
Germany,2012,80.5390243902439
Denmark,2012,80.0512195121951
Spain,2012,82.4268292682927
Estonia,2012,76.3268292682927
Finland,2012,80.6268292682927
France,2012,81.9682926829268
United Kingdom,2012,80.9048780487805
Greece,2012,80.6341463414634
Croatia,2012,76.9243902439024
Hungary,2012,75.0634146341463
Ireland,2012,80.8463414634146
Iceland,2012,82.9170731707317
Israel,2012,81.7048780487805
Italy,2012,82.2390243902439
Lithuania,2012,73.8634146341464
Luxembourg,2012,81.3926829268293
Latvia,2012,73.7780487804878
Moldova,2012,69.143
North Macedonia,2012,74.9024390243903
Montenegro,2012,76.2
Netherlands,2012,81.1048780487805
Norway,2012,81.4512195121951
Poland,2012,76.7463414634146
Portugal,2012,80.3731707317073
Romania,2012,74.4121951219512
Slovenia,2012,80.1243902439024
Sweden,2012,81.7048780487805
Ukraine,2012,70.9441463414634
Albania,2013,78.123
Andorra,2013,
Austria,2013,81.1365853658537
Belgium,2013,80.5878048780488
Bulgaria,2013,74.8609756097561
Bosnia and Herzegovina,2013,76.33
Belarus,2013,72.4707317073171
Switzerland,2013,82.7975609756098
Czechia,2013,78.1756097560976
Germany,2013,80.490243902439
Denmark,2013,80.3
Spain,2013,83.0780487804878
Estonia,2013,77.1414634146341
Finland,2013,80.9756097560976
France,2013,82.219512195122
United Kingdom,2013,81.0048780487805
Greece,2013,81.2853658536585
Croatia,2013,77.1268292682927
Hungary,2013,75.5658536585366
Ireland,2013,80.9487804878049
Iceland,2013,82.0609756097561
Israel,2013,82.0560975609756
Italy,2013,82.690243902439
Lithuania,2013,73.9146341463415
Luxembourg,2013,81.8
Latvia,2013,73.9829268292683
Moldova,2013,69.099
North Macedonia,2013,75.4
Montenegro,2013,76.490243902439
Netherlands,2013,81.3048780487805
Norway,2013,81.7512195121951
Poland,2013,77.0
Portugal,2013,80.7219512195122
Romania,2013,75.0634146341463
Slovenia,2013,80.3219512195122
Sweden,2013,81.9560975609756
Ukraine,2013,71.159512195122
Albania,2014,78.407
Andorra,2014,
Austria,2014,81.490243902439
Belgium,2014,81.2878048780488
Bulgaria,2014,74.4658536585366
Bosnia and Herzegovina,2014,75.659
Belarus,2014,72.9707317073171
Switzerland,2014,83.1975609756098
Czechia,2014,78.8243902439024
Germany,2014,81.090243902439
Denmark,2014,80.7
Spain,2014,83.2292682926829
Estonia,2014,77.0341463414634
Finland,2014,81.1804878048781
France,2014,82.719512195122
United Kingdom,2014,81.3048780487805
Greece,2014,81.3853658536585
Croatia,2014,77.4780487804878
Hungary,2014,75.7634146341463
Ireland,2014,81.3487804878049
Iceland,2014,82.8609756097561
Israel,2014,82.1536585365854
Italy,2014,83.090243902439
Lithuania,2014,74.5170731707317
Luxembourg,2014,82.2292682926829
Latvia,2014,74.1243902439024
Moldova,2014,69.031
North Macedonia,2014,75.4512195121951
Montenegro,2014,76.4414634146341
Netherlands,2014,81.7073170731707
Norway,2014,82.1
Poland,2014,77.6024390243903
Portugal,2014,81.1219512195122
Romania,2014,74.909756097561
Slovenia,2014,81.0780487804878
Sweden,2014,82.2536585365854
Ukraine,2014,71.1865853658537
Albania,2015,78.644
Andorra,2015,
Austria,2015,81.190243902439
Belgium,2015,80.9926829268293
Bulgaria,2015,74.6146341463415
Bosnia and Herzegovina,2015,76.182
Belarus,2015,73.6243902439025
Switzerland,2015,82.8975609756098
Czechia,2015,78.5780487804878
Germany,2015,80.6414634146341
Denmark,2015,80.7024390243902
Spain,2015,82.8317073170732
Estonia,2015,77.590243902439
Finland,2015,81.4804878048781
France,2015,82.3219512195122
United Kingdom,2015,80.9560975609756
Greece,2015,81.0365853658537
Croatia,2015,77.2756097560976
Hungary,2015,75.5682926829269
Ireland,2015,81.4536585365854
Iceland,2015,82.4682926829268
Israel,2015,82.0512195121951
Italy,2015,82.5439024390244
Lithuania,2015,74.3219512195122
Luxembourg,2015,82.2926829268293
Latvia,2015,74.4804878048781
Moldova,2015,69.24
North Macedonia,2015,75.4024390243902
Montenegro,2015,76.4487804878049
Netherlands,2015,81.509756097561
Norway,2015,82.3048780487805
Poland,2015,77.4512195121951
Portugal,2015,81.1243902439025
Romania,2015,74.9121951219512
Slovenia,2015,80.7756097560976
Sweden,2015,82.2048780487805
Ukraine,2015,71.189512195122
Albania,2016,78.86
Andorra,2016,
Austria,2016,81.6414634146342
Belgium,2016,81.4390243902439
Bulgaria,2016,74.8121951219512
Bosnia and Herzegovina,2016,76.808
Belarus,2016,73.8268292682927
Switzerland,2016,83.6024390243903
Czechia,2016,79.0268292682927
Germany,2016,80.990243902439
Denmark,2016,80.8536585365854
Spain,2016,83.3292682926829
Estonia,2016,77.6414634146342
Finland,2016,81.4292682926829
France,2016,82.5731707317073
United Kingdom,2016,81.1560975609756
Greece,2016,81.3878048780488
Croatia,2016,78.0219512195122
Hungary,2016,76.0634146341464
Ireland,2016,81.6536585365854
Iceland,2016,82.2048780487805
Israel,2016,82.4073170731707
Italy,2016,83.2439024390244
Lithuania,2016,74.6707317073171
Luxembourg,2016,82.6853658536585
Latvia,2016,74.580487804878
Moldova,2016,69.917
North Macedonia,2016,75.4
Montenegro,2016,76.4414634146341
Netherlands,2016,81.5609756097561
Norway,2016,82.4073170731707
Poland,2016,77.8512195121951
Portugal,2016,81.1243902439025
Romania,2016,75.209756097561
Slovenia,2016,81.1756097560976
Sweden,2016,82.3073170731707
Ukraine,2016,71.4763414634146
Albania,2017,79.047
Andorra,2017,
Austria,2017,81.6439024390244
Belgium,2017,81.4926829268293
Bulgaria,2017,74.8146341463415
Bosnia and Herzegovina,2017,76.935
Belarus,2017,74.1292682926829
Switzerland,2017,83.5512195121951
Czechia,2017,78.9780487804878
Germany,2017,80.9926829268293
Denmark,2017,81.1024390243903
Spain,2017,83.2829268292683
Estonia,2017,78.0926829268293
Finland,2017,81.6317073170732
France,2017,82.5756097560976
United Kingdom,2017,81.2560975609756
Greece,2017,81.2878048780488
Croatia,2017,77.8268292682927
Hungary,2017,75.8170731707317
Ireland,2017,82.1560975609756
Iceland,2017,82.6609756097561
Israel,2017,82.5512195121951
Italy,2017,82.9463414634147
Lithuania,2017,75.4804878048781
Luxembourg,2017,82.0951219512195
Latvia,2017,74.6292682926829
Moldova,2017,70.516
North Macedonia,2017,75.9536585365854
Montenegro,2017,76.4853658536585
Netherlands,2017,81.7609756097561
Norway,2017,82.609756097561
Poland,2017,77.7536585365854
Portugal,2017,81.4243902439025
Romania,2017,75.309756097561
Slovenia,2017,81.0292682926829
Sweden,2017,82.409756097561
Ukraine,2017,71.7809756097561
Albania,2018,79.184
Andorra,2018,
Austria,2018,81.6926829268293
Belgium,2018,81.5951219512195
Bulgaria,2018,74.9634146341464
Bosnia and Herzegovina,2018,77.093
Belarus,2018,74.1756097560976
Switzerland,2018,83.7536585365854
Czechia,2018,79.0292682926829
Germany,2018,80.8926829268293
Denmark,2018,80.9536585365854
Spain,2018,83.4317073170732
Estonia,2018,78.2439024390244
Finland,2018,81.7341463414634
France,2018,82.6756097560976
United Kingdom,2018,81.2560975609756
Greece,2018,81.7878048780488
Croatia,2018,78.0707317073171
Hungary,2018,76.0658536585366
Ireland,2018,82.2048780487805
Iceland,2018,82.8609756097561
Israel,2018,82.8024390243903
Italy,2018,83.3463414634146
Lithuania,2018,75.6804878048781
Luxembourg,2018,82.2951219512195
Latvia,2018,74.7829268292683
Moldova,2018,70.492
North Macedonia,2018,76.6487804878049
Montenegro,2018,76.8414634146342
Netherlands,2018,81.8121951219512
Norway,2018,82.7585365853659
Poland,2018,77.6024390243903
Portugal,2018,81.3243902439024
Romania,2018,75.3585365853659
Slovenia,2018,81.3780487804878
Sweden,2018,82.5585365853659
Ukraine,2018,71.5826829268293
Albania,2019,79.282
Andorra,2019,
Austria,2019,81.8951219512195
Belgium,2019,81.9951219512195
Bulgaria,2019,75.1121951219512
Bosnia and Herzegovina,2019,77.241
Belarus,2019,74.2268292682927
Switzerland,2019,83.9048780487805
Czechia,2019,79.2292682926829
Germany,2019,81.2926829268293
Denmark,2019,81.4512195121951
Spain,2019,83.8317073170732
Estonia,2019,78.6463414634147
Finland,2019,81.9829268292683
France,2019,82.8268292682927
United Kingdom,2019,81.4048780487805
Greece,2019,81.6390243902439
Croatia,2019,78.4243902439025
Hungary,2019,76.3195121951219
Ireland,2019,82.7024390243903
Iceland,2019,83.1634146341463
Israel,2019,82.8048780487805
Italy,2019,83.4975609756098
Lithuania,2019,76.2829268292683
Luxembourg,2019,82.6390243902439
Latvia,2019,75.3878048780488
Moldova,2019,70.935
North Macedonia,2019,76.6024390243903
Montenegro,2019,76.6829268292683
Netherlands,2019,82.1121951219512
Norway,2019,82.9585365853659
Poland,2019,77.9048780487805
Portugal,2019,81.6756097560976
Romania,2019,75.6073170731707
Slovenia,2019,81.5292682926829
Sweden,2019,83.109756097561
Ukraine,2019,71.8273170731707
Albania,2020,76.989
Andorra,2020,
Austria,2020,81.1926829268293
Belgium,2020,80.6951219512195
Bulgaria,2020,73.6585365853659
Bosnia and Herzegovina,2020,76.225
Belarus,2020,72.4572195121951
Switzerland,2020,83.0
Czechia,2020,78.2268292682927
Germany,2020,81.0414634146342
Denmark,2020,81.6024390243903
Spain,2020,82.3317073170732
Estonia,2020,78.5951219512195
Finland,2020,81.9317073170732
France,2020,82.1756097560976
United Kingdom,2020,80.3512195121951
Greece,2020,81.2878048780488
Croatia,2020,77.7243902439024
Hungary,2020,75.5682926829269
Ireland,2020,82.5560975609756
Iceland,2020,83.0634146341463
Israel,2020,82.6487804878049
Italy,2020,82.1951219512195
Lithuania,2020,74.9780487804878
Luxembourg,2020,82.1439024390244
Latvia,2020,75.1853658536585
Moldova,2020,70.166
North Macedonia,2020,74.3951219512195
Montenegro,2020,75.9317073170732
Netherlands,2020,81.3585365853659
Norway,2020,83.209756097561
Poland,2020,76.5
Portugal,2020,80.9756097560976
Romania,2020,74.2536585365854
Slovenia,2020,80.5317073170732
Sweden,2020,82.3560975609756
Ukraine,2020,71.1851219512195
Albania,2021,76.463
Andorra,2021,
Austria,2021,81.2390243902439
Belgium,2021,81.890243902439
Bulgaria,2021,71.5146341463415
Bosnia and Herzegovina,2021,75.3
Belarus,2021,72.3706829268293
Switzerland,2021,83.8512195121951
Czechia,2021,77.3731707317073
Germany,2021,80.9009756097561
Denmark,2021,81.4048780487805
Spain,2021,83.1780487804878
Estonia,2021,76.7414634146342
Finland,2021,81.9341463414634
France,2021,82.3243902439024
United Kingdom,2021,80.7
Greece,2021,80.1829268292683
Croatia,2021,76.4243902439025
Hungary,2021,74.4658536585366
Ireland,2021,82.1024390243903
Iceland,2021,83.1170731707317
Israel,2021,82.5
Italy,2021,82.7951219512195
Lithuania,2021,74.3390243902439
Luxembourg,2021,82.7487804878049
Latvia,2021,73.2829268292683
Moldova,2021,68.846
North Macedonia,2021,74.5368292682927
Montenegro,2021,73.8243902439024
Netherlands,2021,81.4609756097561
Norway,2021,83.1634146341463
Poland,2021,75.6024390243903
Portugal,2021,81.0731707317073
Romania,2021,72.9609756097561
Slovenia,2021,80.8756097560976
Sweden,2021,83.1560975609756
Ukraine,2021,69.6478048780488
Albania,2022,
Andorra,2022,
Austria,2022,
Belgium,2022,
Bulgaria,2022,
Bosnia and Herzegovina,2022,
Belarus,2022,
Switzerland,2022,
Czechia,2022,
Germany,2022,
Denmark,2022,
Spain,2022,
Estonia,2022,
Finland,2022,
France,2022,
United Kingdom,2022,
Greece,2022,
Croatia,2022,
Hungary,2022,
Ireland,2022,
Iceland,2022,
Israel,2022,
Italy,2022,
Lithuania,2022,
Luxembourg,2022,
Latvia,2022,
Moldova,2022,
North Macedonia,2022,
Montenegro,2022,
Netherlands,2022,
Norway,2022,
Poland,2022,
Portugal,2022,
Romania,2022,
Slovenia,2022,
Sweden,2022,
Ukraine,2022,
